"ethnic_group","n","mean_facilities","median_facilities","sd_facilities","min_facilities","max_facilities","mean_white_pct"
"Majority-Minority",139,20.5889362937415,1.13568439928273,154.776160658899,0.0995817566221868,1530.61224489796,18.5223865771739
"Majority-White",48,1.42499803160577,1.32221932409391,0.946078293390995,0.100563153660499,4.18060200668896,66.1593061698709
