"income_group","n","mean_facilities","median_facilities","sd_facilities","min_facilities","max_facilities"
"Highest Income",54,1.379958340703,0.995533747314249,1.06328914424044,0.100563153660499,4.18060200668896
"Lowest Income",54,Inf,Inf,NA,0.376222723852521,Inf
"Second Quartile",54,1.45209400280912,1.2985482715133,0.97902959163059,0.123243776189302,3.8107335662115
"Third Quartile",54,1.22179876950972,0.916687404317902,1.12954696367633,0.0995817566221868,6.7861492952845
