income_quartile,mean_facilities_per_1000_youth,n
1,Inf,54
2,1.4520940028091174,54
3,1.2217987695097206,54
4,1.3799583407030047,54
