"majority_minority","mean_facility_density_km2","mean_facility_per_1000_youth","n"
"Majority-Minority",4.57978169850053,138.893734267721,155
"Majority-White",3.04933660933609,1.12130992650946,61
NA,8.83192627147122,0,46
