"income_quartile","mean_facility_density_km2","mean_facility_per_1000_youth","n"
1,7.46726666742809,323.448920535005,66
2,3.04624766896994,1.3436593904845,66
3,4.07067609659474,1.17898858403585,65
4,5.28705249913586,1.29206436875693,65
